{
  "config": {
    "dataset": "income_L",
    "data_path": "data/ACSIncome_state_number.arff",
    "data_dir": "data/",
    "state_code": 22,
    "heterogeneity": 0.4,
    "sample_frac": 0.2,
    "num_rounds": 100,
    "num_clients": 10,
    "local_epochs": 1,
    "batch_size": 32,
    "learning_rate": 5e-07,
    "test_frac": 0.1,
    "scale_target": true,
    "model_type": "neural_network",
    "hidden_size": 128,
    "attack": "passive",
    "targeted_client": 0,
    "active_start_round": null,
    "active_rounds": 0,
    "adam_lr": 1.0,
    "adam_beta1": 0.9,
    "adam_beta2": 0.999,
    "grad_aia_iters": 5000,
    "max_grad_rounds": 10,
    "checkpoint_dir": "checkpoints",
    "results_dir": "results",
    "log_level": "INFO",
    "seed": 42,
    "seeds": null,
    "device": "cpu",
    "reproduce_table1": true
  },
  "aia_accuracy_percent": {
    "ours": 53.25,
    "ours_mse": 1.870318,
    "global_model": 53.25,
    "global_model_mse": 1.870318,
    "grad_passive": 76.04,
    "final_accuracy": 113.39,
    "final_loss": 1.133929,
    "communication_cost_mb": 11.7264
  },
  "aia_accuracy_raw": {
    "ours": 0.5325119495391846,
    "ours_mse": 1.8703175783157349,
    "global_model": 0.5325119495391846,
    "global_model_mse": 1.8703175783157349,
    "grad_passive": 0.760438084602356,
    "final_accuracy": 1.1339285782009838,
    "final_loss": 1.1339285782009838,
    "communication_cost_mb": 11.7264
  },
  "n_clients": 10,
  "input_dim": 10,
  "sensitive_attr_id": 8,
  "targeted_client": 0,
  "learning_rate": 5e-07,
  "accuracy_history": [
    1.1670354776008727,
    1.1666570231138247,
    1.1662798848311338,
    1.1659049638296939,
    1.165529007720209,
    1.1651548786790809,
    1.1647847146300458,
    1.1644121803519918,
    1.1640410178746932,
    1.163673145389234,
    1.1633031979585304,
    1.1629330529414574,
    1.162565636992397,
    1.162200136120099,
    1.1618347304076115,
    1.1614714535065878,
    1.1611101227101925,
    1.1607467310406703,
    1.160386664427936,
    1.1600282036514171,
    1.1596669168015523,
    1.1593061186694038,
    1.1589481672573967,
    1.158591018532807,
    1.1582360388751647,
    1.1578813989092085,
    1.1575281398562804,
    1.1571757092127548,
    1.1568250372378677,
    1.156474873589385,
    1.1561263554558756,
    1.155777968700577,
    1.1554316899946016,
    1.155086649750302,
    1.1547399092020478,
    1.1543951372507406,
    1.1540514054826683,
    1.1537073519014194,
    1.1533628765026844,
    1.153020772717111,
    1.1526809529976736,
    1.152340506261596,
    1.1520020198176089,
    1.1516641397434673,
    1.1513262082253555,
    1.1509872683592908,
    1.1506478345849749,
    1.1503092284126448,
    1.1499721084635328,
    1.149636659751379,
    1.14930378981241,
    1.148973714457541,
    1.148640035371822,
    1.148309849054847,
    1.1479833984236585,
    1.1476534454500726,
    1.147327055721163,
    1.1469976629793326,
    1.1466733518867143,
    1.1463510086989714,
    1.146026440732538,
    1.1457034833314745,
    1.1453803803647378,
    1.14505932662126,
    1.1447385272140023,
    1.1444181777684654,
    1.144098924217907,
    1.1437795582057546,
    1.1434591860372085,
    1.143144847231322,
    1.1428258955392159,
    1.142509901414012,
    1.1421926519867298,
    1.141877568742764,
    1.1415636079231783,
    1.1412487564077687,
    1.1409349737965548,
    1.1406214120714457,
    1.1403127000363023,
    1.1400015536401948,
    1.1396902259213946,
    1.139380620537487,
    1.1390726221432477,
    1.1387644172810563,
    1.138456485210321,
    1.138151270442385,
    1.1378440183317482,
    1.1375385158928224,
    1.1372338238694442,
    1.1369287618185855,
    1.1366267792545313,
    1.13632340343551,
    1.1360212563891658,
    1.1357210962796591,
    1.1354218047196933,
    1.135120281344978,
    1.1348204322061968,
    1.1345220912062262,
    1.1342261433889742,
    1.1339285782009838
  ],
  "loss_history": [
    1.1670354776008727,
    1.1666570231138247,
    1.1662798848311338,
    1.1659049638296939,
    1.165529007720209,
    1.1651548786790809,
    1.1647847146300458,
    1.1644121803519918,
    1.1640410178746932,
    1.163673145389234,
    1.1633031979585304,
    1.1629330529414574,
    1.162565636992397,
    1.162200136120099,
    1.1618347304076115,
    1.1614714535065878,
    1.1611101227101925,
    1.1607467310406703,
    1.160386664427936,
    1.1600282036514171,
    1.1596669168015523,
    1.1593061186694038,
    1.1589481672573967,
    1.158591018532807,
    1.1582360388751647,
    1.1578813989092085,
    1.1575281398562804,
    1.1571757092127548,
    1.1568250372378677,
    1.156474873589385,
    1.1561263554558756,
    1.155777968700577,
    1.1554316899946016,
    1.155086649750302,
    1.1547399092020478,
    1.1543951372507406,
    1.1540514054826683,
    1.1537073519014194,
    1.1533628765026844,
    1.153020772717111,
    1.1526809529976736,
    1.152340506261596,
    1.1520020198176089,
    1.1516641397434673,
    1.1513262082253555,
    1.1509872683592908,
    1.1506478345849749,
    1.1503092284126448,
    1.1499721084635328,
    1.149636659751379,
    1.14930378981241,
    1.148973714457541,
    1.148640035371822,
    1.148309849054847,
    1.1479833984236585,
    1.1476534454500726,
    1.147327055721163,
    1.1469976629793326,
    1.1466733518867143,
    1.1463510086989714,
    1.146026440732538,
    1.1457034833314745,
    1.1453803803647378,
    1.14505932662126,
    1.1447385272140023,
    1.1444181777684654,
    1.144098924217907,
    1.1437795582057546,
    1.1434591860372085,
    1.143144847231322,
    1.1428258955392159,
    1.142509901414012,
    1.1421926519867298,
    1.141877568742764,
    1.1415636079231783,
    1.1412487564077687,
    1.1409349737965548,
    1.1406214120714457,
    1.1403127000363023,
    1.1400015536401948,
    1.1396902259213946,
    1.139380620537487,
    1.1390726221432477,
    1.1387644172810563,
    1.138456485210321,
    1.138151270442385,
    1.1378440183317482,
    1.1375385158928224,
    1.1372338238694442,
    1.1369287618185855,
    1.1366267792545313,
    1.13632340343551,
    1.1360212563891658,
    1.1357210962796591,
    1.1354218047196933,
    1.135120281344978,
    1.1348204322061968,
    1.1345220912062262,
    1.1342261433889742,
    1.1339285782009838
  ],
  "final_accuracy": 1.1339285782009838,
  "final_loss": 1.1339285782009838,
  "convergence_round": null,
  "communication_cost_mb": 11.7264
}