{
  "config": {
    "dataset": "income_A",
    "data_path": "data/ACSIncome_state_number.arff",
    "data_dir": "data/",
    "state_code": 22,
    "heterogeneity": 0.0,
    "sample_frac": 0.2,
    "num_rounds": 100,
    "num_clients": null,
    "local_epochs": 1,
    "batch_size": 32,
    "learning_rate": 1e-06,
    "test_frac": 0.1,
    "scale_target": true,
    "model_type": "neural_network",
    "hidden_size": 128,
    "attack": "active",
    "targeted_client": 0,
    "active_start_round": null,
    "active_rounds": 50,
    "adam_lr": 1.0,
    "adam_beta1": 0.9,
    "adam_beta2": 0.999,
    "grad_aia_iters": 5000,
    "max_grad_rounds": 10,
    "checkpoint_dir": "checkpoints",
    "results_dir": "results",
    "log_level": "INFO",
    "seed": 42,
    "seeds": null,
    "device": "cpu",
    "reproduce_table1": true
  },
  "aia_accuracy_percent": {
    "ours": 49.66,
    "ours_mse": 2.016996,
    "global_model": 52.03,
    "global_model_mse": 1.921996,
    "grad_passive": 49.09,
    "final_accuracy": 233.87,
    "final_loss": 2.338658,
    "communication_cost_mb": 59.8045
  },
  "aia_accuracy_raw": {
    "ours": 0.4966309070587158,
    "ours_mse": 2.016995668411255,
    "global_model": 0.5203394293785095,
    "global_model_mse": 1.9219961166381836,
    "grad_passive": 0.4908909499645233,
    "final_accuracy": 2.338658094946385,
    "final_loss": 2.338658094946385,
    "communication_cost_mb": 59.8045
  },
  "n_clients": 51,
  "input_dim": 10,
  "sensitive_attr_id": 8,
  "targeted_client": 0,
  "learning_rate": 1e-06,
  "accuracy_history": [
    1.0264995346166805,
    1.0177573347687165,
    1.0094031279487619,
    1.0013979922011345,
    0.9937240792528076,
    0.9863635471589696,
    0.9792955380482217,
    0.9725041405657381,
    0.9659725836159564,
    0.9596918612234723,
    0.953644617755275,
    0.9478164560765432,
    0.9421998671803509,
    0.9367867772409274,
    0.9315598850578507,
    0.926517353779559,
    0.9216488195445978,
    0.9169476141506973,
    0.9124061859092718,
    0.9080143313937628,
    0.9037749850980105,
    0.8996708671885515,
    0.8957036404223189,
    0.8918636757787571,
    0.8881504974369356,
    0.884555850125298,
    0.8810757443529051,
    0.8777063025518811,
    0.8744421601808536,
    0.8712779017655876,
    0.8682151419405567,
    0.8652483184576645,
    0.8623710480286277,
    0.8595833155355471,
    0.8568814738304343,
    0.8542615185183916,
    0.8517207036206845,
    0.849254532290508,
    0.8468678518003646,
    0.8445499640835956,
    0.8422975973505182,
    0.8401163466614827,
    0.8379998806884272,
    0.835943700397576,
    0.8339468678634689,
    0.8320052877525148,
    0.8301188285666822,
    0.8282909581856488,
    0.8265127576222209,
    0.824785410159268,
    0.8231434039509097,
    0.8486892792147352,
    0.8978730587973627,
    0.8184247231803317,
    0.7780060862474663,
    0.8402585464343014,
    0.9594963958126538,
    1.071731202704297,
    1.1402773304362441,
    1.1634300004930689,
    1.1612396140973869,
    1.151610619812485,
    1.1455226082577803,
    1.152539626385614,
    1.181732723120187,
    1.2391152268948757,
    1.324699615726588,
    1.4311762870516012,
    1.5457970648362231,
    1.6518417018565597,
    1.7404602996145364,
    1.8165711936039615,
    1.889900512484187,
    1.9594591249876334,
    2.015446383976155,
    2.054563571027363,
    2.083879575557204,
    2.1083315209385467,
    2.1256746775876736,
    2.134634812072249,
    2.1399530565997216,
    2.142697412134925,
    2.138857442976165,
    2.129947163573054,
    2.1225697854461334,
    2.1205565621132787,
    2.123234366496481,
    2.1301108539804514,
    2.1410961829703066,
    2.1551169317587977,
    2.1706560504387795,
    2.187005508609273,
    2.2045618569741525,
    2.2224616176301586,
    2.2402086345418635,
    2.2594758802249695,
    2.2798641564663615,
    2.3004428457709,
    2.320110719624687,
    2.338658094946385
  ],
  "loss_history": [
    1.0264995346166805,
    1.0177573347687165,
    1.0094031279487619,
    1.0013979922011345,
    0.9937240792528076,
    0.9863635471589696,
    0.9792955380482217,
    0.9725041405657381,
    0.9659725836159564,
    0.9596918612234723,
    0.953644617755275,
    0.9478164560765432,
    0.9421998671803509,
    0.9367867772409274,
    0.9315598850578507,
    0.926517353779559,
    0.9216488195445978,
    0.9169476141506973,
    0.9124061859092718,
    0.9080143313937628,
    0.9037749850980105,
    0.8996708671885515,
    0.8957036404223189,
    0.8918636757787571,
    0.8881504974369356,
    0.884555850125298,
    0.8810757443529051,
    0.8777063025518811,
    0.8744421601808536,
    0.8712779017655876,
    0.8682151419405567,
    0.8652483184576645,
    0.8623710480286277,
    0.8595833155355471,
    0.8568814738304343,
    0.8542615185183916,
    0.8517207036206845,
    0.849254532290508,
    0.8468678518003646,
    0.8445499640835956,
    0.8422975973505182,
    0.8401163466614827,
    0.8379998806884272,
    0.835943700397576,
    0.8339468678634689,
    0.8320052877525148,
    0.8301188285666822,
    0.8282909581856488,
    0.8265127576222209,
    0.824785410159268,
    0.8231434039509097,
    0.8486892792147352,
    0.8978730587973627,
    0.8184247231803317,
    0.7780060862474663,
    0.8402585464343014,
    0.9594963958126538,
    1.071731202704297,
    1.1402773304362441,
    1.1634300004930689,
    1.1612396140973869,
    1.151610619812485,
    1.1455226082577803,
    1.152539626385614,
    1.181732723120187,
    1.2391152268948757,
    1.324699615726588,
    1.4311762870516012,
    1.5457970648362231,
    1.6518417018565597,
    1.7404602996145364,
    1.8165711936039615,
    1.889900512484187,
    1.9594591249876334,
    2.015446383976155,
    2.054563571027363,
    2.083879575557204,
    2.1083315209385467,
    2.1256746775876736,
    2.134634812072249,
    2.1399530565997216,
    2.142697412134925,
    2.138857442976165,
    2.129947163573054,
    2.1225697854461334,
    2.1205565621132787,
    2.123234366496481,
    2.1301108539804514,
    2.1410961829703066,
    2.1551169317587977,
    2.1706560504387795,
    2.187005508609273,
    2.2045618569741525,
    2.2224616176301586,
    2.2402086345418635,
    2.2594758802249695,
    2.2798641564663615,
    2.3004428457709,
    2.320110719624687,
    2.338658094946385
  ],
  "final_accuracy": 2.338658094946385,
  "final_loss": 2.338658094946385,
  "convergence_round": 8,
  "communication_cost_mb": 59.8045
}