{
  "config": {
    "dataset": "income_A",
    "data_path": "data/ACSIncome_state_number.arff",
    "data_dir": "data/",
    "state_code": 22,
    "heterogeneity": 0.0,
    "sample_frac": 0.2,
    "num_rounds": 100,
    "num_clients": null,
    "local_epochs": 1,
    "batch_size": 32,
    "learning_rate": 1e-06,
    "test_frac": 0.1,
    "scale_target": true,
    "model_type": "neural_network",
    "hidden_size": 128,
    "attack": "passive",
    "targeted_client": 0,
    "active_start_round": null,
    "active_rounds": 0,
    "adam_lr": 1.0,
    "adam_beta1": 0.9,
    "adam_beta2": 0.999,
    "grad_aia_iters": 5000,
    "max_grad_rounds": 10,
    "checkpoint_dir": "checkpoints",
    "results_dir": "results",
    "log_level": "INFO",
    "seed": 42,
    "seeds": null,
    "device": "cpu",
    "reproduce_table1": true
  },
  "aia_accuracy_percent": {
    "ours": 59.37,
    "ours_mse": 1.627997,
    "global_model": 59.32,
    "global_model_mse": 1.629997,
    "grad_passive": 60.72,
    "final_accuracy": 77.77,
    "final_loss": 0.77767,
    "communication_cost_mb": 59.8045
  },
  "aia_accuracy_raw": {
    "ours": 0.5937110185623169,
    "ours_mse": 1.6279966831207275,
    "global_model": 0.5932118892669678,
    "global_model_mse": 1.629996657371521,
    "grad_passive": 0.6071874499320984,
    "final_accuracy": 0.7776697816657377,
    "final_loss": 0.7776697816657377,
    "communication_cost_mb": 59.8045
  },
  "n_clients": 51,
  "input_dim": 10,
  "sensitive_attr_id": 8,
  "targeted_client": 0,
  "learning_rate": 1e-06,
  "accuracy_history": [
    1.0264993897413708,
    1.0177601969214165,
    1.0093971300324216,
    1.0013934203188932,
    0.9937217775849215,
    0.9863598730299512,
    0.9792916494270343,
    0.9725000264955009,
    0.9659717479486671,
    0.959687716529113,
    0.9536400451514971,
    0.9478064844659674,
    0.9421910444774574,
    0.9367742458964518,
    0.9315529104799676,
    0.9265108823336251,
    0.9216429327775547,
    0.9169417110314749,
    0.912399397234352,
    0.9080076284405804,
    0.9037649286304109,
    0.8996622467482419,
    0.8956944535619198,
    0.8918566696220701,
    0.8881386323376511,
    0.8845478705635218,
    0.8810684307375167,
    0.8777002010065107,
    0.8744371862036786,
    0.8712754409754866,
    0.868212033470786,
    0.8652450066640565,
    0.8623699118595533,
    0.8595812770667893,
    0.8568788087986574,
    0.8542580056345636,
    0.8517170071502577,
    0.8492540900889239,
    0.8468621052572674,
    0.8445482843301534,
    0.8422967006238219,
    0.8401097148928959,
    0.8379897758200829,
    0.835931348738959,
    0.8339326430924681,
    0.831992610572559,
    0.8301108676671203,
    0.8282811308075848,
    0.8265008244229463,
    0.8247744951367251,
    0.8230960831009096,
    0.8214662905299833,
    0.8198802482811932,
    0.8183367957381829,
    0.816837634002898,
    0.8153806084119484,
    0.8139626172807468,
    0.8125851164542679,
    0.8112447228919014,
    0.8099377714748902,
    0.8086661069812912,
    0.8074321306890884,
    0.8062292939901705,
    0.8050582912670365,
    0.803919255576717,
    0.8028093123169857,
    0.8017261387845883,
    0.8006708625658059,
    0.7996455585390009,
    0.7986451052622472,
    0.7976690683584545,
    0.7967203399790871,
    0.7957954415812879,
    0.7948929236234483,
    0.7940112533148954,
    0.7931532669918578,
    0.7923175043656326,
    0.7915006387893859,
    0.7907051598800179,
    0.7899298621346342,
    0.7891704802898232,
    0.7884292920368172,
    0.7877074247692466,
    0.7870002442259798,
    0.7863104082395566,
    0.7856389203025397,
    0.7849820328565907,
    0.7843401073493129,
    0.783712508156504,
    0.7831007069081555,
    0.7825018831364705,
    0.7819153295604916,
    0.7813425863062148,
    0.7807815843620001,
    0.780234756767188,
    0.7796986859124164,
    0.7791742741454442,
    0.7786598341727887,
    0.7781601471620033,
    0.7776697816657377
  ],
  "loss_history": [
    1.0264993897413708,
    1.0177601969214165,
    1.0093971300324216,
    1.0013934203188932,
    0.9937217775849215,
    0.9863598730299512,
    0.9792916494270343,
    0.9725000264955009,
    0.9659717479486671,
    0.959687716529113,
    0.9536400451514971,
    0.9478064844659674,
    0.9421910444774574,
    0.9367742458964518,
    0.9315529104799676,
    0.9265108823336251,
    0.9216429327775547,
    0.9169417110314749,
    0.912399397234352,
    0.9080076284405804,
    0.9037649286304109,
    0.8996622467482419,
    0.8956944535619198,
    0.8918566696220701,
    0.8881386323376511,
    0.8845478705635218,
    0.8810684307375167,
    0.8777002010065107,
    0.8744371862036786,
    0.8712754409754866,
    0.868212033470786,
    0.8652450066640565,
    0.8623699118595533,
    0.8595812770667893,
    0.8568788087986574,
    0.8542580056345636,
    0.8517170071502577,
    0.8492540900889239,
    0.8468621052572674,
    0.8445482843301534,
    0.8422967006238219,
    0.8401097148928959,
    0.8379897758200829,
    0.835931348738959,
    0.8339326430924681,
    0.831992610572559,
    0.8301108676671203,
    0.8282811308075848,
    0.8265008244229463,
    0.8247744951367251,
    0.8230960831009096,
    0.8214662905299833,
    0.8198802482811932,
    0.8183367957381829,
    0.816837634002898,
    0.8153806084119484,
    0.8139626172807468,
    0.8125851164542679,
    0.8112447228919014,
    0.8099377714748902,
    0.8086661069812912,
    0.8074321306890884,
    0.8062292939901705,
    0.8050582912670365,
    0.803919255576717,
    0.8028093123169857,
    0.8017261387845883,
    0.8006708625658059,
    0.7996455585390009,
    0.7986451052622472,
    0.7976690683584545,
    0.7967203399790871,
    0.7957954415812879,
    0.7948929236234483,
    0.7940112533148954,
    0.7931532669918578,
    0.7923175043656326,
    0.7915006387893859,
    0.7907051598800179,
    0.7899298621346342,
    0.7891704802898232,
    0.7884292920368172,
    0.7877074247692466,
    0.7870002442259798,
    0.7863104082395566,
    0.7856389203025397,
    0.7849820328565907,
    0.7843401073493129,
    0.783712508156504,
    0.7831007069081555,
    0.7825018831364705,
    0.7819153295604916,
    0.7813425863062148,
    0.7807815843620001,
    0.780234756767188,
    0.7796986859124164,
    0.7791742741454442,
    0.7786598341727887,
    0.7781601471620033,
    0.7776697816657377
  ],
  "final_accuracy": 0.7776697816657377,
  "final_loss": 0.7776697816657377,
  "convergence_round": 8,
  "communication_cost_mb": 59.8045
}