{
  "config": {
    "dataset": "income_L",
    "data_path": "data/ACSIncome_state_number.arff",
    "data_dir": "data/",
    "state_code": 22,
    "heterogeneity": 0.4,
    "sample_frac": 0.2,
    "num_rounds": 100,
    "num_clients": 10,
    "local_epochs": 1,
    "batch_size": 32,
    "learning_rate": 5e-07,
    "test_frac": 0.1,
    "scale_target": true,
    "model_type": "neural_network",
    "hidden_size": 128,
    "attack": "active",
    "targeted_client": 0,
    "active_start_round": null,
    "active_rounds": 50,
    "adam_lr": 1.0,
    "adam_beta1": 0.9,
    "adam_beta2": 0.999,
    "grad_aia_iters": 5000,
    "max_grad_rounds": 10,
    "checkpoint_dir": "checkpoints",
    "results_dir": "results",
    "log_level": "INFO",
    "seed": 42,
    "seeds": null,
    "device": "cpu",
    "reproduce_table1": true
  },
  "aia_accuracy_percent": {
    "ours": 49.08,
    "ours_mse": 2.037359,
    "global_model": 63.52,
    "global_model_mse": 1.45956,
    "grad_passive": 69.95,
    "final_accuracy": 2141.33,
    "final_loss": 21.413326,
    "communication_cost_mb": 11.7264
  },
  "aia_accuracy_raw": {
    "ours": 0.4907597601413727,
    "ours_mse": 2.0373592376708984,
    "global_model": 0.6351813673973083,
    "global_model_mse": 1.4595599174499512,
    "grad_passive": 0.6995208859443665,
    "final_accuracy": 21.413325914623776,
    "final_loss": 21.413325914623776,
    "communication_cost_mb": 11.7264
  },
  "n_clients": 10,
  "input_dim": 10,
  "sensitive_attr_id": 8,
  "targeted_client": 0,
  "learning_rate": 5e-07,
  "accuracy_history": [
    1.1670340815776203,
    1.1666569998140894,
    1.1662807240829873,
    1.1659044129409015,
    1.1655294181185178,
    1.165156030516493,
    1.164783266586097,
    1.1644111814623475,
    1.1640406052848251,
    1.16367122985109,
    1.1633020218986212,
    1.1629358379519037,
    1.162567604205201,
    1.1622009147003647,
    1.161835366075144,
    1.1614739283537254,
    1.161111567178439,
    1.1607500212632,
    1.1603911725806912,
    1.160032446856192,
    1.159671802133192,
    1.1593150137470838,
    1.15895597243805,
    1.1585988660451578,
    1.1582443628786379,
    1.1578889810121977,
    1.1575364747022048,
    1.1571839628556413,
    1.1568323941869787,
    1.1564830311496994,
    1.1561343972095846,
    1.1557862425288776,
    1.1554364233012353,
    1.1550894369523077,
    1.1547453651465134,
    1.1543995080273337,
    1.1540544332948122,
    1.153709461565576,
    1.1533664888844262,
    1.1530220721964104,
    1.1526800849095138,
    1.1523385991436534,
    1.1519985474649697,
    1.1516594605337438,
    1.1513237054646737,
    1.1509840225446726,
    1.150649952784678,
    1.1503163223746438,
    1.14998051401608,
    1.1496438146156567,
    1.1493518200252848,
    7.992194487152321,
    7.289368441673541,
    12.093776568157637,
    30.0480517796635,
    28.164360042695673,
    10.083193202726957,
    9.277286178891533,
    25.076929122858367,
    34.84304532003564,
    44.57832097984133,
    66.20025389680092,
    89.61568739936729,
    104.97131034655449,
    126.54048511817021,
    156.22249021193343,
    172.75329483541591,
    170.15401186710056,
    168.623678073597,
    172.72395434700238,
    171.3633861643252,
    156.52603457985606,
    138.81909191498852,
    123.17754249960313,
    110.11482580560501,
    100.45387441545624,
    93.09011405276745,
    81.19512839794851,
    67.3867534901361,
    56.65571756644357,
    51.56349588882306,
    50.2252571021063,
    50.3284054605293,
    48.39593694102781,
    45.03306729446359,
    41.275308392159765,
    38.51657124054738,
    36.48671503902116,
    35.139384983470606,
    33.327052437053766,
    31.79938233204377,
    30.754639151711135,
    30.08904040834439,
    29.25872675393247,
    28.42617484850761,
    27.17078815270116,
    25.445528068228743,
    23.6261896946376,
    22.308395286083915,
    21.413325914623776
  ],
  "loss_history": [
    1.1670340815776203,
    1.1666569998140894,
    1.1662807240829873,
    1.1659044129409015,
    1.1655294181185178,
    1.165156030516493,
    1.164783266586097,
    1.1644111814623475,
    1.1640406052848251,
    1.16367122985109,
    1.1633020218986212,
    1.1629358379519037,
    1.162567604205201,
    1.1622009147003647,
    1.161835366075144,
    1.1614739283537254,
    1.161111567178439,
    1.1607500212632,
    1.1603911725806912,
    1.160032446856192,
    1.159671802133192,
    1.1593150137470838,
    1.15895597243805,
    1.1585988660451578,
    1.1582443628786379,
    1.1578889810121977,
    1.1575364747022048,
    1.1571839628556413,
    1.1568323941869787,
    1.1564830311496994,
    1.1561343972095846,
    1.1557862425288776,
    1.1554364233012353,
    1.1550894369523077,
    1.1547453651465134,
    1.1543995080273337,
    1.1540544332948122,
    1.153709461565576,
    1.1533664888844262,
    1.1530220721964104,
    1.1526800849095138,
    1.1523385991436534,
    1.1519985474649697,
    1.1516594605337438,
    1.1513237054646737,
    1.1509840225446726,
    1.150649952784678,
    1.1503163223746438,
    1.14998051401608,
    1.1496438146156567,
    1.1493518200252848,
    7.992194487152321,
    7.289368441673541,
    12.093776568157637,
    30.0480517796635,
    28.164360042695673,
    10.083193202726957,
    9.277286178891533,
    25.076929122858367,
    34.84304532003564,
    44.57832097984133,
    66.20025389680092,
    89.61568739936729,
    104.97131034655449,
    126.54048511817021,
    156.22249021193343,
    172.75329483541591,
    170.15401186710056,
    168.623678073597,
    172.72395434700238,
    171.3633861643252,
    156.52603457985606,
    138.81909191498852,
    123.17754249960313,
    110.11482580560501,
    100.45387441545624,
    93.09011405276745,
    81.19512839794851,
    67.3867534901361,
    56.65571756644357,
    51.56349588882306,
    50.2252571021063,
    50.3284054605293,
    48.39593694102781,
    45.03306729446359,
    41.275308392159765,
    38.51657124054738,
    36.48671503902116,
    35.139384983470606,
    33.327052437053766,
    31.79938233204377,
    30.754639151711135,
    30.08904040834439,
    29.25872675393247,
    28.42617484850761,
    27.17078815270116,
    25.445528068228743,
    23.6261896946376,
    22.308395286083915,
    21.413325914623776
  ],
  "final_accuracy": 21.413325914623776,
  "final_loss": 21.413325914623776,
  "convergence_round": null,
  "communication_cost_mb": 11.7264
}