{
  "config": {
    "dataset": "medical_cost",
    "data_path": "data/Medical_Cost.zip",
    "data_dir": "data/",
    "state_code": 22,
    "heterogeneity": 0.0,
    "sample_frac": 0.2,
    "num_rounds": 100,
    "num_clients": 2,
    "local_epochs": 1,
    "batch_size": 32,
    "learning_rate": 2e-06,
    "test_frac": 0.1,
    "scale_target": true,
    "model_type": "neural_network",
    "hidden_size": 128,
    "attack": "passive",
    "targeted_client": 0,
    "active_start_round": null,
    "active_rounds": 0,
    "adam_lr": 1.0,
    "adam_beta1": 0.9,
    "adam_beta2": 0.999,
    "grad_aia_iters": 5000,
    "max_grad_rounds": 10,
    "checkpoint_dir": "checkpoints",
    "results_dir": "results",
    "log_level": "INFO",
    "seed": 42,
    "seeds": null,
    "device": "cpu",
    "reproduce_table1": true
  },
  "aia_accuracy_percent": {
    "ours": 89.7,
    "ours_mse": 0.629707,
    "global_model": 89.7,
    "global_model_mse": 0.629707,
    "grad_passive": 86.71,
    "final_accuracy": 71.01,
    "final_loss": 0.710121,
    "communication_cost_mb": 1.9547
  },
  "aia_accuracy_raw": {
    "ours": 0.8970099687576294,
    "ours_mse": 0.6297071576118469,
    "global_model": 0.8970099687576294,
    "global_model_mse": 0.6297071576118469,
    "grad_passive": 0.8671096563339233,
    "final_accuracy": 0.710121332709469,
    "final_loss": 0.710121332709469,
    "communication_cost_mb": 1.9547
  },
  "n_clients": 2,
  "input_dim": 8,
  "sensitive_attr_id": 4,
  "targeted_client": 0,
  "learning_rate": 2e-06,
  "accuracy_history": [
    0.793539424440754,
    0.7926060005800047,
    0.7917004530109576,
    0.7907622287522501,
    0.7898630490943567,
    0.7889339941651073,
    0.7880343207672461,
    0.7871142848214107,
    0.7861963492720875,
    0.7852785551725928,
    0.7843868856999412,
    0.7834817918378916,
    0.7825443815829148,
    0.7816354534519252,
    0.7807455151828367,
    0.7798483229395169,
    0.7789519411414417,
    0.7780611105819246,
    0.7771321401667239,
    0.7762240776375159,
    0.7753090787289748,
    0.7743895445297013,
    0.7735039538411952,
    0.7726170304995864,
    0.7717112569666621,
    0.7708194095696976,
    0.7699364610572359,
    0.7690720753883248,
    0.7682033768340722,
    0.7673393576892454,
    0.7664951922288582,
    0.7656215616126558,
    0.76475903347357,
    0.7639042263600364,
    0.7630227039109415,
    0.7621291840254371,
    0.7612699341418138,
    0.7603934771979033,
    0.7595637787633868,
    0.7586797911729386,
    0.7578250721319398,
    0.7569602674512721,
    0.7561357145878806,
    0.755274592940487,
    0.7544415388534318,
    0.7535784431357881,
    0.7527399134280076,
    0.7518898978162167,
    0.7510531589166441,
    0.7501944783908218,
    0.7493611414041093,
    0.7485319536123702,
    0.7477025256228091,
    0.7468775991183608,
    0.7460661841862237,
    0.7452028669528107,
    0.7443864016390559,
    0.7435505488025609,
    0.7427173995259982,
    0.7418724689910661,
    0.7410577144195785,
    0.7402491960952531,
    0.7394225241532967,
    0.7385867584997149,
    0.7377569568690969,
    0.7369355852924176,
    0.7361250937874637,
    0.7353177159579832,
    0.7344994242511579,
    0.7336728910901653,
    0.7328577183965427,
    0.7320601744438285,
    0.7312476581601954,
    0.7304402981231461,
    0.7296438403983614,
    0.7288592448875085,
    0.7280625407375506,
    0.7272648900302489,
    0.7264510953604285,
    0.725657066302513,
    0.7248633806385211,
    0.7240911739975658,
    0.7233151695621547,
    0.7225374961966899,
    0.7217635254361736,
    0.7209904905575425,
    0.7202062873697993,
    0.71940699975882,
    0.718617634097142,
    0.717840181357825,
    0.7170496858767609,
    0.7162678757710244,
    0.7155022354268316,
    0.7147510665566174,
    0.7139852456192473,
    0.7132087447750035,
    0.7124470249930425,
    0.7116972643937638,
    0.710909211813514,
    0.710121332709469
  ],
  "loss_history": [
    0.793539424440754,
    0.7926060005800047,
    0.7917004530109576,
    0.7907622287522501,
    0.7898630490943567,
    0.7889339941651073,
    0.7880343207672461,
    0.7871142848214107,
    0.7861963492720875,
    0.7852785551725928,
    0.7843868856999412,
    0.7834817918378916,
    0.7825443815829148,
    0.7816354534519252,
    0.7807455151828367,
    0.7798483229395169,
    0.7789519411414417,
    0.7780611105819246,
    0.7771321401667239,
    0.7762240776375159,
    0.7753090787289748,
    0.7743895445297013,
    0.7735039538411952,
    0.7726170304995864,
    0.7717112569666621,
    0.7708194095696976,
    0.7699364610572359,
    0.7690720753883248,
    0.7682033768340722,
    0.7673393576892454,
    0.7664951922288582,
    0.7656215616126558,
    0.76475903347357,
    0.7639042263600364,
    0.7630227039109415,
    0.7621291840254371,
    0.7612699341418138,
    0.7603934771979033,
    0.7595637787633868,
    0.7586797911729386,
    0.7578250721319398,
    0.7569602674512721,
    0.7561357145878806,
    0.755274592940487,
    0.7544415388534318,
    0.7535784431357881,
    0.7527399134280076,
    0.7518898978162167,
    0.7510531589166441,
    0.7501944783908218,
    0.7493611414041093,
    0.7485319536123702,
    0.7477025256228091,
    0.7468775991183608,
    0.7460661841862237,
    0.7452028669528107,
    0.7443864016390559,
    0.7435505488025609,
    0.7427173995259982,
    0.7418724689910661,
    0.7410577144195785,
    0.7402491960952531,
    0.7394225241532967,
    0.7385867584997149,
    0.7377569568690969,
    0.7369355852924176,
    0.7361250937874637,
    0.7353177159579832,
    0.7344994242511579,
    0.7336728910901653,
    0.7328577183965427,
    0.7320601744438285,
    0.7312476581601954,
    0.7304402981231461,
    0.7296438403983614,
    0.7288592448875085,
    0.7280625407375506,
    0.7272648900302489,
    0.7264510953604285,
    0.725657066302513,
    0.7248633806385211,
    0.7240911739975658,
    0.7233151695621547,
    0.7225374961966899,
    0.7217635254361736,
    0.7209904905575425,
    0.7202062873697993,
    0.71940699975882,
    0.718617634097142,
    0.717840181357825,
    0.7170496858767609,
    0.7162678757710244,
    0.7155022354268316,
    0.7147510665566174,
    0.7139852456192473,
    0.7132087447750035,
    0.7124470249930425,
    0.7116972643937638,
    0.710909211813514,
    0.710121332709469
  ],
  "final_accuracy": 0.710121332709469,
  "final_loss": 0.710121332709469,
  "convergence_round": 46,
  "communication_cost_mb": 1.9547
}