{
  "config": {
    "dataset": "medical_cost",
    "data_path": "data/Medical_Cost.zip",
    "data_dir": "data/",
    "state_code": 22,
    "heterogeneity": 0.0,
    "sample_frac": 0.2,
    "num_rounds": 100,
    "num_clients": 2,
    "local_epochs": 1,
    "batch_size": 32,
    "learning_rate": 2e-06,
    "test_frac": 0.1,
    "scale_target": true,
    "model_type": "neural_network",
    "hidden_size": 128,
    "attack": "active",
    "targeted_client": 0,
    "active_start_round": null,
    "active_rounds": 50,
    "adam_lr": 1.0,
    "adam_beta1": 0.9,
    "adam_beta2": 0.999,
    "grad_aia_iters": 5000,
    "max_grad_rounds": 10,
    "checkpoint_dir": "checkpoints",
    "results_dir": "results",
    "log_level": "INFO",
    "seed": 42,
    "seeds": null,
    "device": "cpu",
    "reproduce_table1": true
  },
  "aia_accuracy_percent": {
    "ours": 55.81,
    "ours_mse": 2.701647,
    "global_model": 56.48,
    "global_model_mse": 2.661021,
    "grad_passive": 77.41,
    "final_accuracy": 767.86,
    "final_loss": 7.678601,
    "communication_cost_mb": 1.9547
  },
  "aia_accuracy_raw": {
    "ours": 0.5581395626068115,
    "ours_mse": 2.7016470432281494,
    "global_model": 0.564784049987793,
    "global_model_mse": 2.6610207557678223,
    "grad_passive": 0.7740863561630249,
    "final_accuracy": 7.678601222251778,
    "final_loss": 7.678601222251778,
    "communication_cost_mb": 1.9547
  },
  "n_clients": 2,
  "input_dim": 8,
  "sensitive_attr_id": 4,
  "targeted_client": 0,
  "learning_rate": 2e-06,
  "accuracy_history": [
    0.7935668870584288,
    0.7926355200027352,
    0.7917176120316805,
    0.7908220113213382,
    0.7898901700973511,
    0.7889681698671028,
    0.7880441039355833,
    0.7871301165267602,
    0.7862163942251632,
    0.7852949642423374,
    0.7843971679459757,
    0.7834985505289106,
    0.7825839902038005,
    0.7816919177325804,
    0.7808204711373172,
    0.7799057978302685,
    0.7789800113706447,
    0.7780801004438258,
    0.7771996731188759,
    0.7763014809409184,
    0.7754184399078141,
    0.774517848420499,
    0.7736202834257438,
    0.772746205329895,
    0.7718646846600433,
    0.770985122936875,
    0.7700985723467015,
    0.7692279584372221,
    0.768358602452634,
    0.7674941892054543,
    0.7666039093216853,
    0.7657690457443693,
    0.7649139521726921,
    0.76404275645071,
    0.7631955573807901,
    0.762306782736707,
    0.7614503031346336,
    0.7605667274389694,
    0.7596957363299469,
    0.7588447029910871,
    0.757988565003694,
    0.7571324928482966,
    0.7562815885045635,
    0.7554353181995562,
    0.7545782318755762,
    0.753726609607241,
    0.7528657557359383,
    0.7520264040178327,
    0.7511574412459758,
    0.7503107866244529,
    0.7498554774184725,
    449.09367085926567,
    2841.7953846490204,
    2794.0098731197527,
    1804.9732101212687,
    1063.856392476096,
    346.5965576171875,
    249.16554328576842,
    474.8604467591243,
    1192.1762613324977,
    1417.7396777708138,
    1029.2408246851678,
    688.2545965393978,
    555.2142033363456,
    541.3200168894298,
    498.47321877550723,
    486.2568457304542,
    529.4963980148087,
    493.23443637677093,
    369.2951347578817,
    276.88505622522155,
    179.6540301878061,
    100.1108129700618,
    98.02691377098881,
    123.51122420581419,
    126.14702492329612,
    108.71344221883746,
    83.872709530503,
    55.10012148387396,
    33.93545360707525,
    29.883815385512452,
    36.23074204886137,
    45.48742187556936,
    51.192908756768524,
    47.49966308252135,
    34.66868843249421,
    22.48425927802698,
    19.59612247125426,
    22.58863781459296,
    24.825085134648564,
    24.754785865100462,
    23.67013951201937,
    20.889559261834442,
    16.862600753556436,
    13.541538030353944,
    11.67776425916757,
    10.36546762665706,
    8.996040767698146,
    8.07844378343269,
    7.678601222251778
  ],
  "loss_history": [
    0.7935668870584288,
    0.7926355200027352,
    0.7917176120316805,
    0.7908220113213382,
    0.7898901700973511,
    0.7889681698671028,
    0.7880441039355833,
    0.7871301165267602,
    0.7862163942251632,
    0.7852949642423374,
    0.7843971679459757,
    0.7834985505289106,
    0.7825839902038005,
    0.7816919177325804,
    0.7808204711373172,
    0.7799057978302685,
    0.7789800113706447,
    0.7780801004438258,
    0.7771996731188759,
    0.7763014809409184,
    0.7754184399078141,
    0.774517848420499,
    0.7736202834257438,
    0.772746205329895,
    0.7718646846600433,
    0.770985122936875,
    0.7700985723467015,
    0.7692279584372221,
    0.768358602452634,
    0.7674941892054543,
    0.7666039093216853,
    0.7657690457443693,
    0.7649139521726921,
    0.76404275645071,
    0.7631955573807901,
    0.762306782736707,
    0.7614503031346336,
    0.7605667274389694,
    0.7596957363299469,
    0.7588447029910871,
    0.757988565003694,
    0.7571324928482966,
    0.7562815885045635,
    0.7554353181995562,
    0.7545782318755762,
    0.753726609607241,
    0.7528657557359383,
    0.7520264040178327,
    0.7511574412459758,
    0.7503107866244529,
    0.7498554774184725,
    449.09367085926567,
    2841.7953846490204,
    2794.0098731197527,
    1804.9732101212687,
    1063.856392476096,
    346.5965576171875,
    249.16554328576842,
    474.8604467591243,
    1192.1762613324977,
    1417.7396777708138,
    1029.2408246851678,
    688.2545965393978,
    555.2142033363456,
    541.3200168894298,
    498.47321877550723,
    486.2568457304542,
    529.4963980148087,
    493.23443637677093,
    369.2951347578817,
    276.88505622522155,
    179.6540301878061,
    100.1108129700618,
    98.02691377098881,
    123.51122420581419,
    126.14702492329612,
    108.71344221883746,
    83.872709530503,
    55.10012148387396,
    33.93545360707525,
    29.883815385512452,
    36.23074204886137,
    45.48742187556936,
    51.192908756768524,
    47.49966308252135,
    34.66868843249421,
    22.48425927802698,
    19.59612247125426,
    22.58863781459296,
    24.825085134648564,
    24.754785865100462,
    23.67013951201937,
    20.889559261834442,
    16.862600753556436,
    13.541538030353944,
    11.67776425916757,
    10.36546762665706,
    8.996040767698146,
    8.07844378343269,
    7.678601222251778
  ],
  "final_accuracy": 7.678601222251778,
  "final_loss": 7.678601222251778,
  "convergence_round": 46,
  "communication_cost_mb": 1.9547
}